timestamp,cfg_id,backtest_variant,cost_variant,n_trades,win_rate,avg_winner_bps,avg_loser_bps,total_return_pct,sharpe_daily,max_drawdown_pct
2026-05-13T15:28:44.179746+00:00,A2_tgt05_stp03_h60_slip5,top1_T0,cost_inst,621,0.3849,3.77,-3.18,-0.0314,-0.679,0.0374
2026-05-13T15:28:50.985464+00:00,A1_tgt05_stp03_h60_close,top1_T0,cost_inst,621,0.3768,3.61,-3.18,-0.0384,-0.778,0.0450
2026-05-13T15:31:39.335525+00:00,A2_tgt05_stp03_h60_slip5,top1_T0,cost_retail,621,0.3333,2.84,-4.28,-0.1184,-2.557,0.1182
2026-05-13T15:31:52.768151+00:00,A1_tgt05_stp03_h60_close,top1_T0,cost_retail,621,0.3205,2.74,-4.26,-0.1253,-2.540,0.1264
2026-05-13T15:34:35.535933+00:00,A2_tgt05_stp03_h60_slip5,top1_T0.20,cost_inst,621,0.3849,3.77,-3.18,-0.0314,-0.679,0.0374
2026-05-13T15:34:51.532224+00:00,A1_tgt05_stp03_h60_close,top1_T0.20,cost_inst,621,0.3768,3.61,-3.18,-0.0384,-0.778,0.0450
2026-05-13T15:37:32.182202+00:00,A2_tgt05_stp03_h60_slip5,top1_T0.20,cost_retail,621,0.3333,2.84,-4.28,-0.1184,-2.557,0.1182
2026-05-13T15:37:50.901152+00:00,A1_tgt05_stp03_h60_close,top1_T0.20,cost_retail,621,0.3205,2.74,-4.26,-0.1253,-2.540,0.1264
2026-05-13T15:39:35.013791+00:00,A2_tgt05_stp03_h60_slip5,top1_T0.25,cost_inst,0,0.0000,0.00,0.00,0.0000,0.000,0.0000
2026-05-13T15:39:56.291856+00:00,A1_tgt05_stp03_h60_close,top1_T0.25,cost_inst,0,0.0000,0.00,0.00,0.0000,0.000,0.0000
2026-05-13T15:41:37.408460+00:00,A2_tgt05_stp03_h60_slip5,top1_T0.25,cost_retail,0,0.0000,0.00,0.00,0.0000,0.000,0.0000
2026-05-13T15:41:59.550818+00:00,A1_tgt05_stp03_h60_close,top1_T0.25,cost_retail,0,0.0000,0.00,0.00,0.0000,0.000,0.0000
2026-05-13T15:44:37.047525+00:00,A1_tgt05_stp03_h60_close,top1_T0,cost_inst,621,0.3768,3.61,-3.18,-0.0384,-0.778,0.0450
2026-05-13T15:44:37.047749+00:00,A1_tgt05_stp03_h60_close,top1_T0,cost_retail,621,0.3205,2.74,-4.26,-0.1253,-2.540,0.1264
2026-05-13T15:44:37.047915+00:00,A1_tgt05_stp03_h60_close,top1_T0.20,cost_inst,621,0.3768,3.61,-3.18,-0.0384,-0.778,0.0450
2026-05-13T15:44:37.048056+00:00,A1_tgt05_stp03_h60_close,top1_T0.20,cost_retail,621,0.3205,2.74,-4.26,-0.1253,-2.540,0.1264
2026-05-13T15:44:37.048188+00:00,A1_tgt05_stp03_h60_close,top1_T0.25,cost_inst,0,0.0000,0.00,0.00,0.0000,0.000,0.0000
2026-05-13T15:44:37.048319+00:00,A1_tgt05_stp03_h60_close,top1_T0.25,cost_retail,0,0.0000,0.00,0.00,0.0000,0.000,0.0000
2026-05-13T15:44:45.051160+00:00,A2_tgt05_stp03_h60_slip5,top1_T0,cost_inst,621,0.3849,3.77,-3.18,-0.0314,-0.679,0.0374
2026-05-13T15:44:45.051370+00:00,A2_tgt05_stp03_h60_slip5,top1_T0,cost_retail,621,0.3333,2.84,-4.28,-0.1184,-2.557,0.1182
2026-05-13T15:44:45.051523+00:00,A2_tgt05_stp03_h60_slip5,top1_T0.20,cost_inst,621,0.3849,3.77,-3.18,-0.0314,-0.679,0.0374
2026-05-13T15:44:45.051661+00:00,A2_tgt05_stp03_h60_slip5,top1_T0.20,cost_retail,621,0.3333,2.84,-4.28,-0.1184,-2.557,0.1182
2026-05-13T15:44:45.051808+00:00,A2_tgt05_stp03_h60_slip5,top1_T0.25,cost_inst,0,0.0000,0.00,0.00,0.0000,0.000,0.0000
2026-05-13T15:44:45.051937+00:00,A2_tgt05_stp03_h60_slip5,top1_T0.25,cost_retail,0,0.0000,0.00,0.00,0.0000,0.000,0.0000
2026-05-13T15:48:06.427556+00:00,A1_tgt05_stp03_h60_close,top3,cost_inst,1863,0.3747,3.70,-3.22,-0.1170,-1.338,0.1281
2026-05-13T15:48:08.327481+00:00,A2_tgt05_stp03_h60_slip5,top3,cost_inst,1863,0.3892,3.81,-3.20,-0.0881,-0.700,0.1086
2026-05-13T15:48:39.937173+00:00,A1_tgt05_stp03_h60_close,top1_T0,cost_inst,621,0.3768,3.61,-3.18,-0.0384,-0.778,0.0450
2026-05-13T15:48:39.937376+00:00,A1_tgt05_stp03_h60_close,top1_T0,cost_retail,621,0.3205,2.74,-4.26,-0.1253,-2.540,0.1264
2026-05-13T15:48:39.937528+00:00,A1_tgt05_stp03_h60_close,top1_T0.20,cost_inst,621,0.3768,3.61,-3.18,-0.0384,-0.778,0.0450
2026-05-13T15:48:39.937662+00:00,A1_tgt05_stp03_h60_close,top1_T0.20,cost_retail,621,0.3205,2.74,-4.26,-0.1253,-2.540,0.1264
2026-05-13T15:48:39.937805+00:00,A1_tgt05_stp03_h60_close,top1_T0.25,cost_inst,0,0.0000,0.00,0.00,0.0000,0.000,0.0000
2026-05-13T15:48:39.937935+00:00,A1_tgt05_stp03_h60_close,top1_T0.25,cost_retail,0,0.0000,0.00,0.00,0.0000,0.000,0.0000
2026-05-13T15:48:39.938066+00:00,A1_tgt05_stp03_h60_close,top3,cost_inst,1863,0.3747,3.70,-3.22,-0.1170,-1.338,0.1281
2026-05-13T15:48:45.937453+00:00,A2_tgt05_stp03_h60_slip5,top1_T0,cost_inst,621,0.3849,3.77,-3.18,-0.0314,-0.679,0.0374
2026-05-13T15:48:45.937666+00:00,A2_tgt05_stp03_h60_slip5,top1_T0,cost_retail,621,0.3333,2.84,-4.28,-0.1184,-2.557,0.1182
2026-05-13T15:48:45.937848+00:00,A2_tgt05_stp03_h60_slip5,top1_T0.20,cost_inst,621,0.3849,3.77,-3.18,-0.0314,-0.679,0.0374
2026-05-13T15:48:45.937993+00:00,A2_tgt05_stp03_h60_slip5,top1_T0.20,cost_retail,621,0.3333,2.84,-4.28,-0.1184,-2.557,0.1182
2026-05-13T15:48:45.938128+00:00,A2_tgt05_stp03_h60_slip5,top1_T0.25,cost_inst,0,0.0000,0.00,0.00,0.0000,0.000,0.0000
2026-05-13T15:48:45.938266+00:00,A2_tgt05_stp03_h60_slip5,top1_T0.25,cost_retail,0,0.0000,0.00,0.00,0.0000,0.000,0.0000
2026-05-13T15:48:45.938408+00:00,A2_tgt05_stp03_h60_slip5,top3,cost_inst,1863,0.3892,3.81,-3.20,-0.0881,-0.700,0.1086
2026-05-13T15:52:07.624656+00:00,A1_tgt05_stp03_h60_close,top3,cost_retail,1863,0.3237,2.79,-4.33,-0.3778,-4.321,0.3774
2026-05-13T15:52:13.088225+00:00,A2_tgt05_stp03_h60_slip5,top3,cost_retail,1863,0.3435,2.82,-4.33,-0.3489,-2.773,0.3485
2026-05-13T16:22:01.854880+00:00,A1_tgt05_stp03_h60_close,top1_T0,cost_inst,621,0.3768,3.61,-3.18,-0.0384,-0.778,0.0450
2026-05-13T16:22:01.855093+00:00,A1_tgt05_stp03_h60_close,top1_T0,cost_retail,621,0.3205,2.74,-4.26,-0.1253,-2.540,0.1264
2026-05-13T16:22:01.855250+00:00,A1_tgt05_stp03_h60_close,top1_T0.20,cost_inst,621,0.3768,3.61,-3.18,-0.0384,-0.778,0.0450
2026-05-13T16:22:01.855390+00:00,A1_tgt05_stp03_h60_close,top1_T0.20,cost_retail,621,0.3205,2.74,-4.26,-0.1253,-2.540,0.1264
2026-05-13T16:22:01.855528+00:00,A1_tgt05_stp03_h60_close,top3,cost_inst,1863,0.3747,3.70,-3.22,-0.1170,-1.338,0.1281
2026-05-13T16:22:01.855668+00:00,A1_tgt05_stp03_h60_close,top3,cost_retail,1863,0.3237,2.79,-4.33,-0.3778,-4.321,0.3774
2026-05-13T16:22:05.858309+00:00,A2_tgt05_stp03_h60_slip5,top1_T0,cost_inst,621,0.3849,3.77,-3.18,-0.0314,-0.679,0.0374
2026-05-13T16:22:05.858523+00:00,A2_tgt05_stp03_h60_slip5,top1_T0,cost_retail,621,0.3333,2.84,-4.28,-0.1184,-2.557,0.1182
2026-05-13T16:22:05.858690+00:00,A2_tgt05_stp03_h60_slip5,top1_T0.20,cost_inst,621,0.3849,3.77,-3.18,-0.0314,-0.679,0.0374
2026-05-13T16:22:05.858837+00:00,A2_tgt05_stp03_h60_slip5,top1_T0.20,cost_retail,621,0.3333,2.84,-4.28,-0.1184,-2.557,0.1182
2026-05-13T16:22:05.858975+00:00,A2_tgt05_stp03_h60_slip5,top3,cost_inst,1863,0.3892,3.81,-3.20,-0.0881,-0.700,0.1086
2026-05-13T16:22:05.859116+00:00,A2_tgt05_stp03_h60_slip5,top3,cost_retail,1863,0.3435,2.82,-4.33,-0.3489,-2.773,0.3485
2026-05-13T16:26:47.472437+00:00,C2_tgt10_stp05_h120_slip5,top1_T0,cost_inst,621,0.0596,1.29,-0.63,-0.0323,-5.217,0.0322
2026-05-13T16:26:55.575322+00:00,C1_tgt10_stp05_h120_close,top1_T0,cost_inst,621,0.1208,2.99,-0.94,-0.0287,-0.922,0.0287
2026-05-13T16:27:18.696955+00:00,A1_tgt05_stp03_h60_close,top1_T0_ambigProp,cost_inst,621,0.3768,3.61,-3.17,-0.0383,-0.775,0.0449
2026-05-13T16:27:19.459959+00:00,B1_tgt075_stp04_h60_close,top1_T0,cost_inst,621,0.3591,5.19,-4.03,-0.0446,-0.862,0.0468
2026-05-13T16:27:21.162525+00:00,A2_tgt05_stp03_h60_slip5,top1_T0_ambigProp,cost_inst,621,0.3881,3.76,-3.18,-0.0303,-0.676,0.0363
2026-05-13T16:30:19.512856+00:00,C2_tgt10_stp05_h120_slip5,top1_T0,cost_retail,621,0.0113,3.01,-1.98,-0.1192,-19.271,0.1190
2026-05-13T16:31:12.854286+00:00,C1_tgt10_stp05_h120_close,top1_T0,cost_retail,621,0.0483,5.32,-2.23,-0.1156,-3.718,0.1154
2026-05-13T16:32:31.467324+00:00,B1_tgt075_stp04_h60_close,top1_T0,cost_retail,621,0.3156,4.41,-5.13,-0.1315,-2.543,0.1313
2026-05-13T16:32:47.836232+00:00,A2_tgt05_stp03_h60_slip5,top1_T0_ambigProp,cost_retail,621,0.3366,2.82,-4.28,-0.1173,-2.615,0.1170
2026-05-13T16:32:49.137861+00:00,A1_tgt05_stp03_h60_close,top1_T0_ambigProp,cost_retail,621,0.3205,2.74,-4.26,-0.1252,-2.536,0.1263
2026-05-13T16:34:04.307473+00:00,C2_tgt10_stp05_h120_slip5,top1_T0.20,cost_inst,5,0.2000,0.53,-0.24,-0.0000,-0.293,0.0001
2026-05-13T16:35:07.918962+00:00,C1_tgt10_stp05_h120_close,top1_T0.20,cost_inst,270,0.1444,1.04,-0.71,-0.0122,-2.037,0.0123
2026-05-13T16:36:37.856293+00:00,B1_tgt075_stp04_h60_close,top1_T0.20,cost_inst,0,0.0000,0.00,0.00,0.0000,0.000,0.0000
2026-05-13T16:38:28.002477+00:00,A2_tgt05_stp03_h60_slip5,top1_T0_ambigMid,cost_inst,621,0.3881,3.74,-3.18,-0.0306,-0.677,0.0366
2026-05-13T16:38:29.794588+00:00,C2_tgt10_stp05_h120_slip5,top1_T0.20,cost_retail,5,0.0000,0.00,-1.49,-0.0007,-2.162,0.0006
2026-05-13T16:38:31.762325+00:00,A1_tgt05_stp03_h60_close,top1_T0_ambigMid,cost_inst,621,0.3784,3.60,-3.17,-0.0380,-0.766,0.0446
2026-05-13T16:38:58.598206+00:00,A1_tgt05_stp03_h60_close,top1_T0,cost_inst,621,0.3768,3.61,-3.18,-0.0384,-0.778,0.0450
2026-05-13T16:38:58.598408+00:00,A1_tgt05_stp03_h60_close,top1_T0,cost_retail,621,0.3205,2.74,-4.26,-0.1253,-2.540,0.1264
2026-05-13T16:38:58.598559+00:00,A1_tgt05_stp03_h60_close,top1_T0.20,cost_inst,621,0.3768,3.61,-3.18,-0.0384,-0.778,0.0450
2026-05-13T16:38:58.598705+00:00,A1_tgt05_stp03_h60_close,top1_T0.20,cost_retail,621,0.3205,2.74,-4.26,-0.1253,-2.540,0.1264
2026-05-13T16:38:58.598848+00:00,A1_tgt05_stp03_h60_close,top3,cost_inst,1863,0.3747,3.70,-3.22,-0.1170,-1.338,0.1281
2026-05-13T16:38:58.598989+00:00,A1_tgt05_stp03_h60_close,top3,cost_retail,1863,0.3237,2.79,-4.33,-0.3778,-4.321,0.3774
2026-05-13T16:38:58.599125+00:00,A1_tgt05_stp03_h60_close,top1_T0_ambigProp,cost_inst,621,0.3768,3.61,-3.17,-0.0383,-0.775,0.0449
2026-05-13T16:38:58.599259+00:00,A1_tgt05_stp03_h60_close,top1_T0_ambigProp,cost_retail,621,0.3205,2.74,-4.26,-0.1252,-2.536,0.1263
2026-05-13T16:38:58.599394+00:00,A1_tgt05_stp03_h60_close,top1_T0_ambigMid,cost_inst,621,0.3784,3.60,-3.17,-0.0380,-0.766,0.0446
2026-05-13T16:39:02.643443+00:00,A2_tgt05_stp03_h60_slip5,top1_T0,cost_inst,621,0.3849,3.77,-3.18,-0.0314,-0.679,0.0374
2026-05-13T16:39:02.643650+00:00,A2_tgt05_stp03_h60_slip5,top1_T0,cost_retail,621,0.3333,2.84,-4.28,-0.1184,-2.557,0.1182
2026-05-13T16:39:02.643820+00:00,A2_tgt05_stp03_h60_slip5,top1_T0.20,cost_inst,621,0.3849,3.77,-3.18,-0.0314,-0.679,0.0374
2026-05-13T16:39:02.643961+00:00,A2_tgt05_stp03_h60_slip5,top1_T0.20,cost_retail,621,0.3333,2.84,-4.28,-0.1184,-2.557,0.1182
2026-05-13T16:39:02.644096+00:00,A2_tgt05_stp03_h60_slip5,top3,cost_inst,1863,0.3892,3.81,-3.20,-0.0881,-0.700,0.1086
2026-05-13T16:39:02.644239+00:00,A2_tgt05_stp03_h60_slip5,top3,cost_retail,1863,0.3435,2.82,-4.33,-0.3489,-2.773,0.3485
2026-05-13T16:39:02.644375+00:00,A2_tgt05_stp03_h60_slip5,top1_T0_ambigProp,cost_inst,621,0.3881,3.76,-3.18,-0.0303,-0.676,0.0363
2026-05-13T16:39:02.644512+00:00,A2_tgt05_stp03_h60_slip5,top1_T0_ambigProp,cost_retail,621,0.3366,2.82,-4.28,-0.1173,-2.615,0.1170
2026-05-13T16:39:02.644647+00:00,A2_tgt05_stp03_h60_slip5,top1_T0_ambigMid,cost_inst,621,0.3881,3.74,-3.18,-0.0306,-0.677,0.0366
2026-05-13T16:39:06.652312+00:00,B1_tgt075_stp04_h60_close,top1_T0,cost_inst,621,0.3591,5.19,-4.03,-0.0446,-0.862,0.0468
2026-05-13T16:39:06.652521+00:00,B1_tgt075_stp04_h60_close,top1_T0,cost_retail,621,0.3156,4.41,-5.13,-0.1315,-2.543,0.1313
2026-05-13T16:39:06.652664+00:00,B1_tgt075_stp04_h60_close,top1_T0.20,cost_inst,0,0.0000,0.00,0.00,0.0000,0.000,0.0000
2026-05-13T16:39:10.657139+00:00,C1_tgt10_stp05_h120_close,top1_T0,cost_inst,621,0.1208,2.99,-0.94,-0.0287,-0.922,0.0287
2026-05-13T16:39:10.657357+00:00,C1_tgt10_stp05_h120_close,top1_T0,cost_retail,621,0.0483,5.32,-2.23,-0.1156,-3.718,0.1154
2026-05-13T16:39:10.657509+00:00,C1_tgt10_stp05_h120_close,top1_T0.20,cost_inst,270,0.1444,1.04,-0.71,-0.0122,-2.037,0.0123
2026-05-13T16:39:14.662388+00:00,C2_tgt10_stp05_h120_slip5,top1_T0,cost_inst,621,0.0596,1.29,-0.63,-0.0323,-5.217,0.0322
2026-05-13T16:39:14.662625+00:00,C2_tgt10_stp05_h120_slip5,top1_T0,cost_retail,621,0.0113,3.01,-1.98,-0.1192,-19.271,0.1190
2026-05-13T16:39:14.662791+00:00,C2_tgt10_stp05_h120_slip5,top1_T0.20,cost_inst,5,0.2000,0.53,-0.24,-0.0000,-0.293,0.0001
2026-05-13T16:39:14.662926+00:00,C2_tgt10_stp05_h120_slip5,top1_T0.20,cost_retail,5,0.0000,0.00,-1.49,-0.0007,-2.162,0.0006
2026-05-13T16:43:22.482491+00:00,B1_tgt075_stp04_h60_close,top1_T0.20,cost_retail,0,0.0000,0.00,0.00,0.0000,0.000,0.0000
2026-05-13T16:43:40.984491+00:00,C1_tgt10_stp05_h120_close,top1_T0.20,cost_retail,270,0.0185,3.72,-1.96,-0.0500,-4.519,0.0498
2026-05-13T16:44:15.469398+00:00,A1_tgt05_stp03_h60_close,top1_T0_ambigMid,cost_retail,621,0.3205,2.74,-4.25,-0.1249,-2.520,0.1260
2026-05-13T16:44:20.085356+00:00,A2_tgt05_stp03_h60_slip5,top1_T0_ambigMid,cost_retail,621,0.3333,2.84,-4.26,-0.1176,-2.599,0.1174
2026-05-13T16:44:25.679065+00:00,C2_tgt10_stp05_h120_slip5,top3,cost_inst,1863,0.2120,5.09,-2.15,-0.1146,-0.791,0.1335
2026-05-13T16:48:21.447233+00:00,B1_tgt075_stp04_h60_close,top3,cost_inst,1863,0.3634,5.30,-3.99,-0.1143,-0.959,0.1279
2026-05-13T16:48:28.309492+00:00,C1_tgt10_stp05_h120_close,top3,cost_inst,1863,0.2244,5.43,-2.53,-0.1380,-0.824,0.1572
2026-05-13T16:48:58.467583+00:00,C2_tgt10_stp05_h120_slip5,top3,cost_retail,1863,0.1481,5.61,-3.34,-0.3754,-2.592,0.3752
2026-05-13T16:49:28.255380+00:00,A2_tgt05_stp03_h60_slip5,top3_ambigProp,cost_inst,1863,0.3908,3.80,-3.20,-0.0859,-0.692,0.1064
2026-05-13T16:49:30.760363+00:00,A1_tgt05_stp03_h60_close,top3_ambigProp,cost_inst,1863,0.3752,3.70,-3.22,-0.1161,-1.325,0.1271
2026-05-13T16:52:17.032043+00:00,C2_tgt10_stp05_h120_slip5,top1_T0_ambigProp,cost_inst,621,0.0596,1.29,-0.63,-0.0323,-5.217,0.0322
2026-05-13T16:53:25.182615+00:00,C1_tgt10_stp05_h120_close,top3,cost_retail,1863,0.1659,5.73,-3.71,-0.3988,-2.381,0.3986
2026-05-13T16:53:29.709336+00:00,B1_tgt075_stp04_h60_close,top3,cost_retail,1863,0.3162,4.59,-5.07,-0.3752,-3.148,0.3761
2026-05-13T16:55:10.995895+00:00,A2_tgt05_stp03_h60_slip5,top3_ambigProp,cost_retail,1863,0.3451,2.81,-4.33,-0.3467,-2.792,0.3462
2026-05-13T16:55:12.712037+00:00,A1_tgt05_stp03_h60_close,top3_ambigProp,cost_retail,1863,0.3242,2.78,-4.33,-0.3769,-4.304,0.3764
2026-05-13T16:55:47.369595+00:00,C2_tgt10_stp05_h120_slip5,top1_T0_ambigProp,cost_retail,621,0.0113,3.01,-1.98,-0.1192,-19.271,0.1190
2026-05-13T16:58:01.134527+00:00,C1_tgt10_stp05_h120_close,top1_T0_ambigProp,cost_inst,621,0.1208,2.99,-0.94,-0.0287,-0.922,0.0287
2026-05-13T16:58:43.835880+00:00,B1_tgt075_stp04_h60_close,top1_T0_ambigProp,cost_inst,621,0.3623,5.15,-4.03,-0.0436,-0.860,0.0458
2026-05-13T16:59:41.019537+00:00,E1_wideRR_tgt08_stp03_h90,top1_T0,cost_inst,621,0.0274,0.31,-0.53,-0.0312,-8.461,0.0312
2026-05-13T16:59:43.215523+00:00,D1_tgt15_stp05_h120_close,top1_T0,cost_inst,621,0.0113,0.43,-0.51,-0.0310,-14.185,0.0309
2026-05-13T17:00:06.155589+00:00,C2_tgt10_stp05_h120_slip5,top1_T0_ambigMid,cost_inst,621,0.0596,1.29,-0.63,-0.0323,-5.217,0.0322
2026-05-13T17:02:32.232870+00:00,C1_tgt10_stp05_h120_close,top1_T0_ambigProp,cost_retail,621,0.0483,5.32,-2.23,-0.1156,-3.718,0.1154
2026-05-13T17:04:01.029334+00:00,B1_tgt075_stp04_h60_close,top1_T0_ambigProp,cost_retail,621,0.3156,4.41,-5.11,-0.1306,-2.573,0.1304
2026-05-13T17:04:15.759459+00:00,E1_wideRR_tgt08_stp03_h90,top1_T0,cost_retail,621,0.0000,0.00,-1.90,-0.1182,-32.024,0.1180
2026-05-13T17:04:19.853178+00:00,D1_tgt15_stp05_h120_close,top1_T0,cost_retail,621,0.0000,0.00,-1.90,-0.1179,-53.992,0.1177
2026-05-13T17:04:35.329034+00:00,C2_tgt10_stp05_h120_slip5,top1_T0_ambigMid,cost_retail,621,0.0113,3.01,-1.98,-0.1192,-19.271,0.1190
2026-05-13T17:06:38.929875+00:00,C1_tgt10_stp05_h120_close,top1_T0_ambigMid,cost_inst,621,0.1208,2.99,-0.94,-0.0287,-0.922,0.0287
2026-05-13T17:08:44.070080+00:00,E1_wideRR_tgt08_stp03_h90,top1_T0.20,cost_inst,233,0.0644,0.30,-0.53,-0.0110,-2.205,0.0110
2026-05-13T17:08:50.260213+00:00,D1_tgt15_stp05_h120_close,top1_T0.20,cost_inst,0,0.0000,0.00,0.00,0.0000,0.000,0.0000
2026-05-13T17:09:10.650456+00:00,B1_tgt075_stp04_h60_close,top1_T0_ambigMid,cost_inst,621,0.3623,5.16,-4.03,-0.0434,-0.859,0.0456
2026-05-13T17:09:51.397411+00:00,C2_tgt10_stp05_h120_slip5,top3_ambigProp,cost_inst,1863,0.2120,5.09,-2.15,-0.1146,-0.791,0.1335
2026-05-13T17:10:59.532496+00:00,C1_tgt10_stp05_h120_close,top1_T0_ambigMid,cost_retail,621,0.0483,5.32,-2.23,-0.1156,-3.718,0.1154
2026-05-13T17:12:50.045294+00:00,E1_wideRR_tgt08_stp03_h90,top1_T0.20,cost_retail,233,0.0000,0.00,-1.87,-0.0437,-2.152,0.0435
2026-05-13T17:12:56.041813+00:00,D1_tgt15_stp05_h120_close,top1_T0.20,cost_retail,0,0.0000,0.00,0.00,0.0000,0.000,0.0000
2026-05-13T17:14:00.793399+00:00,B1_tgt075_stp04_h60_close,top1_T0_ambigMid,cost_retail,621,0.3156,4.41,-5.10,-0.1304,-2.578,0.1302
2026-05-13T17:14:44.447117+00:00,C2_tgt10_stp05_h120_slip5,top3_ambigProp,cost_retail,1863,0.1481,5.61,-3.34,-0.3754,-2.592,0.3752
2026-05-13T17:15:45.180997+00:00,C1_tgt10_stp05_h120_close,top3_ambigProp,cost_inst,1863,0.2244,5.43,-2.53,-0.1380,-0.824,0.1572
2026-05-13T17:16:52.843415+00:00,D1_tgt15_stp05_h120_close,top3,cost_inst,1863,0.2088,5.70,-2.01,-0.0738,-0.369,0.0922
2026-05-13T17:17:01.864383+00:00,E1_wideRR_tgt08_stp03_h90,top3,cost_inst,1863,0.2029,3.55,-1.58,-0.1004,-1.618,0.1059
2026-05-13T17:18:00.170249+00:00,B1_tgt075_stp04_h60_close,top3_ambigProp,cost_inst,1863,0.3650,5.28,-3.98,-0.1122,-0.954,0.1257
2026-05-13T17:20:22.454442+00:00,C1_tgt10_stp05_h120_close,top3_ambigProp,cost_retail,1863,0.1659,5.73,-3.71,-0.3988,-2.381,0.3986
2026-05-13T17:21:14.711327+00:00,E1_wideRR_tgt08_stp03_h90,top3,cost_retail,1863,0.1149,4.42,-2.76,-0.3612,-5.821,0.3610
2026-05-13T17:21:16.663272+00:00,D1_tgt15_stp05_h120_close,top3,cost_retail,1863,0.1390,6.84,-3.19,-0.3347,-1.674,0.3345
2026-05-13T17:22:36.726019+00:00,B1_tgt075_stp04_h60_close,top3_ambigProp,cost_retail,1863,0.3162,4.59,-5.05,-0.3730,-3.173,0.3739
2026-05-13T17:24:30.866419+00:00,D1_tgt15_stp05_h120_close,top1_T0_ambigProp,cost_inst,621,0.0113,0.43,-0.51,-0.0310,-14.185,0.0309
2026-05-13T17:24:31.674572+00:00,E1_wideRR_tgt08_stp03_h90,top1_T0_ambigProp,cost_inst,621,0.0274,0.31,-0.53,-0.0312,-8.461,0.0312
2026-05-13T17:27:30.432647+00:00,E1_wideRR_tgt08_stp03_h90,top1_T0_ambigProp,cost_retail,621,0.0000,0.00,-1.90,-0.1182,-32.024,0.1180
2026-05-13T17:27:31.072113+00:00,D1_tgt15_stp05_h120_close,top1_T0_ambigProp,cost_retail,621,0.0000,0.00,-1.90,-0.1179,-53.992,0.1177
2026-05-13T17:31:10.105750+00:00,D1_tgt15_stp05_h120_close,top1_T0_ambigMid,cost_inst,621,0.0113,0.43,-0.51,-0.0310,-14.185,0.0309
2026-05-13T17:31:10.542262+00:00,E1_wideRR_tgt08_stp03_h90,top1_T0_ambigMid,cost_inst,621,0.0274,0.31,-0.53,-0.0312,-8.461,0.0312
2026-05-13T17:35:15.734804+00:00,E1_wideRR_tgt08_stp03_h90,top1_T0_ambigMid,cost_retail,621,0.0000,0.00,-1.90,-0.1182,-32.024,0.1180
2026-05-13T17:35:15.794809+00:00,D1_tgt15_stp05_h120_close,top1_T0_ambigMid,cost_retail,621,0.0000,0.00,-1.90,-0.1179,-53.992,0.1177
2026-05-13T17:40:29.237098+00:00,D1_tgt15_stp05_h120_close,top3_ambigProp,cost_inst,1863,0.2088,5.70,-2.01,-0.0738,-0.369,0.0922
2026-05-13T17:40:39.316846+00:00,E1_wideRR_tgt08_stp03_h90,top3_ambigProp,cost_inst,1863,0.2034,3.54,-1.58,-0.0999,-1.601,0.1055
2026-05-13T17:45:30.928108+00:00,D1_tgt15_stp05_h120_close,top3_ambigProp,cost_retail,1863,0.1390,6.84,-3.19,-0.3347,-1.674,0.3345
2026-05-13T17:45:50.769354+00:00,E1_wideRR_tgt08_stp03_h90,top3_ambigProp,cost_retail,1863,0.1149,4.42,-2.76,-0.3608,-5.778,0.3606
2026-05-13T20:36:42.859498+00:00,PU4_unfreezeLast2_pnl500_T05_k5,top1_T0,cost_inst,621,0.4026,5.57,-5.47,-0.0637,-0.718,0.0847
2026-05-13T20:36:43.860018+00:00,PU1_unfreezeLast1_lr5e5_pnl200,top1_T0,cost_inst,621,0.4010,2.52,-2.21,-0.0196,-0.409,0.0229
2026-05-13T20:36:45.812954+00:00,PU6_unfreezeAll_lr1e5_pnl200,top1_T0,cost_inst,621,0.3881,5.96,-5.34,-0.0591,-0.590,0.0819
2026-05-13T20:36:46.564655+00:00,PU3_lora_lr1e4_pnl200,top1_T0,cost_inst,621,0.4412,2.20,-2.68,-0.0327,-0.593,0.0349
2026-05-13T20:37:04.383923+00:00,PU5_unfreezeLast2_pnl100_T07_k20,top1_T0,cost_inst,621,0.4203,2.15,-2.09,-0.0193,-0.685,0.0195
2026-05-13T20:37:06.564351+00:00,PU2_unfreezeLast2_lr3e5_pnl200,top1_T0,cost_inst,621,0.4155,2.08,-2.19,-0.0260,-0.948,0.0293
2026-05-13T20:45:42.316242+00:00,PU1_unfreezeLast1_lr5e5_pnl200,top1_T0,cost_retail,621,0.2061,2.86,-2.90,-0.1066,-2.219,0.1057
2026-05-13T20:45:42.522093+00:00,PU4_unfreezeLast2_pnl500_T05_k5,top1_T0,cost_retail,621,0.2915,6.01,-5.90,-0.1507,-1.698,0.1512
2026-05-13T20:45:45.514520+00:00,PU6_unfreezeAll_lr1e5_pnl200,top1_T0,cost_retail,621,0.2721,6.80,-5.77,-0.1460,-1.458,0.1508
2026-05-13T20:45:51.368852+00:00,PU3_lora_lr1e4_pnl200,top1_T0,cost_retail,621,0.2158,2.39,-3.12,-0.1196,-2.169,0.1187
2026-05-13T20:46:01.516330+00:00,PU2_unfreezeLast2_lr3e5_pnl200,top1_T0,cost_retail,621,0.2029,2.13,-2.82,-0.1129,-4.126,0.1122
2026-05-13T20:46:05.729013+00:00,PU5_unfreezeLast2_pnl100_T07_k20,top1_T0,cost_retail,621,0.2077,2.25,-2.75,-0.1062,-3.773,0.1054
2026-05-13T20:52:36.492577+00:00,PU4_unfreezeLast2_pnl500_T05_k5,top1_T0.20,cost_inst,621,0.4026,5.57,-5.47,-0.0637,-0.718,0.0847
2026-05-13T20:52:38.793252+00:00,PU1_unfreezeLast1_lr5e5_pnl200,top1_T0.20,cost_inst,621,0.4010,2.52,-2.21,-0.0196,-0.409,0.0229
2026-05-13T20:52:49.227862+00:00,PU6_unfreezeAll_lr1e5_pnl200,top1_T0.20,cost_inst,621,0.3881,5.96,-5.34,-0.0591,-0.590,0.0819
2026-05-13T20:53:00.871849+00:00,PU3_lora_lr1e4_pnl200,top1_T0.20,cost_inst,621,0.4412,2.20,-2.68,-0.0327,-0.593,0.0349
2026-05-13T20:53:15.979042+00:00,PU2_unfreezeLast2_lr3e5_pnl200,top1_T0.20,cost_inst,621,0.4155,2.08,-2.19,-0.0260,-0.948,0.0293
2026-05-13T20:53:16.831492+00:00,PU5_unfreezeLast2_pnl100_T07_k20,top1_T0.20,cost_inst,621,0.4203,2.15,-2.09,-0.0193,-0.685,0.0195
2026-05-13T20:58:50.981899+00:00,PU4_unfreezeLast2_pnl500_T05_k5,top1_T0.20,cost_retail,621,0.2915,6.01,-5.90,-0.1507,-1.698,0.1512
2026-05-13T20:59:08.941942+00:00,PU1_unfreezeLast1_lr5e5_pnl200,top1_T0.20,cost_retail,621,0.2061,2.86,-2.90,-0.1066,-2.219,0.1057
2026-05-13T20:59:36.609098+00:00,PU6_unfreezeAll_lr1e5_pnl200,top1_T0.20,cost_retail,621,0.2721,6.80,-5.77,-0.1460,-1.458,0.1508
2026-05-13T20:59:47.387804+00:00,PU3_lora_lr1e4_pnl200,top1_T0.20,cost_retail,621,0.2158,2.39,-3.12,-0.1196,-2.169,0.1187
2026-05-13T21:00:01.096301+00:00,PU5_unfreezeLast2_pnl100_T07_k20,top1_T0.20,cost_retail,621,0.2077,2.25,-2.75,-0.1062,-3.773,0.1054
2026-05-13T21:00:01.580473+00:00,PU2_unfreezeLast2_lr3e5_pnl200,top1_T0.20,cost_retail,621,0.2029,2.13,-2.82,-0.1129,-4.126,0.1122
2026-05-13T21:03:55.796217+00:00,PU4_unfreezeLast2_pnl500_T05_k5,top3,cost_inst,1863,0.4020,4.21,-4.19,-0.1509,-1.309,0.1534
2026-05-13T21:05:26.691128+00:00,PU1_unfreezeLast1_lr5e5_pnl200,top3,cost_inst,1863,0.3902,2.14,-1.99,-0.0707,-0.925,0.0736
2026-05-13T21:06:30.172876+00:00,PU6_unfreezeAll_lr1e5_pnl200,top3,cost_inst,1863,0.3902,4.21,-4.04,-0.1522,-1.161,0.1614
2026-05-13T21:06:39.734028+00:00,PU3_lora_lr1e4_pnl200,top3,cost_inst,1863,0.4203,2.15,-2.30,-0.0792,-0.856,0.0845
2026-05-13T21:06:55.230528+00:00,PU2_unfreezeLast2_lr3e5_pnl200,top3,cost_inst,1863,0.3972,1.84,-2.01,-0.0900,-1.519,0.0937
2026-05-13T21:06:57.134339+00:00,PU5_unfreezeLast2_pnl100_T07_k20,top3,cost_inst,1863,0.4042,1.92,-1.98,-0.0757,-1.207,0.0814
2026-05-13T21:07:48.513229+00:00,PU4_unfreezeLast2_pnl500_T05_k5,top3,cost_retail,1863,0.2721,4.48,-4.71,-0.4118,-3.571,0.4112
2026-05-13T21:08:50.801998+00:00,PU1_unfreezeLast1_lr5e5_pnl200,top3,cost_retail,1863,0.1761,2.58,-2.71,-0.3315,-4.342,0.3310
2026-05-13T21:12:43.012288+00:00,PU6_unfreezeAll_lr1e5_pnl200,top3,cost_retail,1863,0.2598,4.57,-4.60,-0.4130,-3.150,0.4125
2026-05-13T21:13:12.118759+00:00,PU3_lora_lr1e4_pnl200,top3,cost_retail,1863,0.1997,2.44,-2.89,-0.3400,-3.674,0.3391
2026-05-13T21:13:33.271299+00:00,PU4_unfreezeLast2_pnl500_T05_k5,top1_T0_ambigProp,cost_inst,621,0.4026,5.57,-5.47,-0.0637,-0.718,0.0847
2026-05-13T21:13:50.232112+00:00,PU1_unfreezeLast1_lr5e5_pnl200,top1_T0_ambigProp,cost_inst,621,0.4010,2.52,-2.21,-0.0196,-0.409,0.0229
2026-05-13T21:13:51.083533+00:00,PU2_unfreezeLast2_lr3e5_pnl200,top3,cost_retail,1863,0.1804,1.88,-2.71,-0.3508,-5.921,0.3505
2026-05-13T21:13:54.242482+00:00,PU5_unfreezeLast2_pnl100_T07_k20,top3,cost_retail,1863,0.1846,2.04,-2.68,-0.3365,-5.367,0.3362
2026-05-13T21:16:36.714454+00:00,PU6_unfreezeAll_lr1e5_pnl200,top1_T0_ambigProp,cost_inst,621,0.3881,5.96,-5.34,-0.0591,-0.590,0.0819
2026-05-13T21:19:45.133133+00:00,PU3_lora_lr1e4_pnl200,top1_T0_ambigProp,cost_inst,621,0.4412,2.20,-2.68,-0.0327,-0.593,0.0349
2026-05-13T21:21:09.486011+00:00,PU4_unfreezeLast2_pnl500_T05_k5,top1_T0_ambigProp,cost_retail,621,0.2915,6.01,-5.90,-0.1507,-1.698,0.1512
2026-05-13T21:21:57.239508+00:00,PU1_unfreezeLast1_lr5e5_pnl200,top1_T0_ambigProp,cost_retail,621,0.2061,2.86,-2.90,-0.1066,-2.219,0.1057
2026-05-13T21:22:06.247295+00:00,PU2_unfreezeLast2_lr3e5_pnl200,top1_T0_ambigProp,cost_inst,621,0.4155,2.08,-2.19,-0.0260,-0.948,0.0293
2026-05-13T21:22:09.006950+00:00,PU5_unfreezeLast2_pnl100_T07_k20,top1_T0_ambigProp,cost_inst,621,0.4203,2.15,-2.09,-0.0193,-0.685,0.0195
2026-05-13T21:23:54.001052+00:00,PU6_unfreezeAll_lr1e5_pnl200,top1_T0_ambigProp,cost_retail,621,0.2721,6.80,-5.77,-0.1460,-1.458,0.1508
2026-05-13T21:27:10.596994+00:00,PU3_lora_lr1e4_pnl200,top1_T0_ambigProp,cost_retail,621,0.2158,2.39,-3.12,-0.1196,-2.169,0.1187
2026-05-13T21:29:02.271265+00:00,PU4_unfreezeLast2_pnl500_T05_k5,top1_T0_ambigMid,cost_inst,621,0.4026,5.57,-5.47,-0.0637,-0.718,0.0847
2026-05-13T21:30:10.163395+00:00,PU1_unfreezeLast1_lr5e5_pnl200,top1_T0_ambigMid,cost_inst,621,0.4010,2.52,-2.21,-0.0196,-0.409,0.0229
2026-05-13T21:30:23.973551+00:00,PU5_unfreezeLast2_pnl100_T07_k20,top1_T0_ambigProp,cost_retail,621,0.2077,2.25,-2.75,-0.1062,-3.773,0.1054
2026-05-13T21:30:24.810297+00:00,PU2_unfreezeLast2_lr3e5_pnl200,top1_T0_ambigProp,cost_retail,621,0.2029,2.13,-2.82,-0.1129,-4.126,0.1122
2026-05-13T21:30:46.795131+00:00,PU6_unfreezeAll_lr1e5_pnl200,top1_T0_ambigMid,cost_inst,621,0.3881,5.96,-5.34,-0.0591,-0.590,0.0819
2026-05-13T21:31:32.101038+00:00,PU3_lora_lr1e4_pnl200,top1_T0_ambigMid,cost_inst,621,0.4412,2.20,-2.68,-0.0327,-0.593,0.0349
2026-05-13T21:35:31.678671+00:00,PU4_unfreezeLast2_pnl500_T05_k5,top1_T0_ambigMid,cost_retail,621,0.2915,6.01,-5.90,-0.1507,-1.698,0.1512
2026-05-13T21:39:50.582768+00:00,PU1_unfreezeLast1_lr5e5_pnl200,top1_T0_ambigMid,cost_retail,621,0.2061,2.86,-2.90,-0.1066,-2.219,0.1057
2026-05-13T21:40:21.279397+00:00,PU5_unfreezeLast2_pnl100_T07_k20,top1_T0_ambigMid,cost_inst,621,0.4203,2.15,-2.09,-0.0193,-0.685,0.0195
2026-05-13T21:40:25.891328+00:00,PU6_unfreezeAll_lr1e5_pnl200,top1_T0_ambigMid,cost_retail,621,0.2721,6.80,-5.77,-0.1460,-1.458,0.1508
2026-05-13T21:40:25.974373+00:00,PU2_unfreezeLast2_lr3e5_pnl200,top1_T0_ambigMid,cost_inst,621,0.4155,2.08,-2.19,-0.0260,-0.948,0.0293
2026-05-13T21:40:59.920991+00:00,PU3_lora_lr1e4_pnl200,top1_T0_ambigMid,cost_retail,621,0.2158,2.39,-3.12,-0.1196,-2.169,0.1187
2026-05-13T21:44:26.651815+00:00,PU4_unfreezeLast2_pnl500_T05_k5,top3_ambigProp,cost_inst,1863,0.4020,4.21,-4.19,-0.1509,-1.309,0.1534
2026-05-13T21:47:59.250499+00:00,PU5_unfreezeLast2_pnl100_T07_k20,top1_T0_ambigMid,cost_retail,621,0.2077,2.25,-2.75,-0.1062,-3.773,0.1054
2026-05-13T21:48:03.165111+00:00,PU2_unfreezeLast2_lr3e5_pnl200,top1_T0_ambigMid,cost_retail,621,0.2029,2.13,-2.82,-0.1129,-4.126,0.1122
2026-05-13T21:48:06.974972+00:00,PU1_unfreezeLast1_lr5e5_pnl200,top3_ambigProp,cost_inst,1863,0.3902,2.14,-1.99,-0.0707,-0.925,0.0736
2026-05-13T21:48:36.418400+00:00,PU6_unfreezeAll_lr1e5_pnl200,top3_ambigProp,cost_inst,1863,0.3902,4.21,-4.04,-0.1522,-1.161,0.1614
2026-05-13T21:48:43.766321+00:00,PU3_lora_lr1e4_pnl200,top3_ambigProp,cost_inst,1863,0.4203,2.15,-2.30,-0.0792,-0.856,0.0845
2026-05-13T21:49:22.406583+00:00,PU4_unfreezeLast2_pnl500_T05_k5,top3_ambigProp,cost_retail,1863,0.2721,4.48,-4.71,-0.4118,-3.571,0.4112
2026-05-13T21:56:18.154164+00:00,M1_scoreRerank_K3_on_A2labels,top1_T0,cost_inst,621,0.4106,2.06,-2.00,-0.0207,-0.639,0.0209
2026-05-13T21:56:34.832981+00:00,PU5_unfreezeLast2_pnl100_T07_k20,top3_ambigProp,cost_inst,1863,0.4042,1.92,-1.98,-0.0757,-1.207,0.0814
2026-05-13T21:56:35.409210+00:00,PU2_unfreezeLast2_lr3e5_pnl200,top3_ambigProp,cost_inst,1863,0.3972,1.84,-2.01,-0.0900,-1.519,0.0937
2026-05-13T21:56:40.290389+00:00,PU1_unfreezeLast1_lr5e5_pnl200,top3_ambigProp,cost_retail,1863,0.1761,2.58,-2.71,-0.3315,-4.342,0.3310
2026-05-13T21:56:52.967189+00:00,PU3_lora_lr1e4_pnl200,top3_ambigProp,cost_retail,1863,0.1997,2.44,-2.89,-0.3400,-3.674,0.3391
2026-05-13T21:56:57.860235+00:00,PU6_unfreezeAll_lr1e5_pnl200,top3_ambigProp,cost_retail,1863,0.2598,4.57,-4.60,-0.4130,-3.150,0.4125
2026-05-13T22:05:56.849553+00:00,M1_scoreRerank_K3_on_A2labels,top1_T0,cost_retail,621,0.2061,2.08,-2.72,-0.1077,-3.318,0.1068
2026-05-13T22:06:21.697205+00:00,M4_scoreRerank_K1_aggressive,top1_T0,cost_inst,621,0.3913,1.73,-1.82,-0.0270,-1.203,0.0272
2026-05-13T22:06:21.802301+00:00,M3_scoreFloor_at0_on_A2labels,top1_T0,cost_inst,621,0.5072,3.65,-4.86,-0.0338,-0.515,0.0465
2026-05-13T22:06:23.148370+00:00,M2_hybridRerank_K3_on_A2labels,top1_T0,cost_inst,621,0.3865,2.03,-1.90,-0.0239,-0.873,0.0238
2026-05-13T22:07:06.693253+00:00,PU5_unfreezeLast2_pnl100_T07_k20,top3_ambigProp,cost_retail,1863,0.1846,2.04,-2.68,-0.3365,-5.367,0.3362
2026-05-13T22:07:10.396262+00:00,PU2_unfreezeLast2_lr3e5_pnl200,top3_ambigProp,cost_retail,1863,0.1804,1.88,-2.71,-0.3508,-5.921,0.3505
2026-05-13T22:10:39.181657+00:00,M1_scoreRerank_K3_on_A2labels,top1_T0.20,cost_inst,621,0.4106,2.06,-2.00,-0.0207,-0.639,0.0209
2026-05-13T22:12:46.539125+00:00,M3_scoreFloor_at0_on_A2labels,top1_T0,cost_retail,621,0.4348,2.73,-5.54,-0.1208,-1.840,0.1255
2026-05-13T22:12:46.692841+00:00,M4_scoreRerank_K1_aggressive,top1_T0,cost_retail,621,0.1787,1.72,-2.61,-0.1139,-5.077,0.1131
2026-05-13T22:12:47.053093+00:00,M2_hybridRerank_K3_on_A2labels,top1_T0,cost_retail,621,0.1916,2.06,-2.70,-0.1108,-4.053,0.1103
2026-05-13T22:13:29.790107+00:00,M6_scoreRerank_K4_on_A2labels,top1_T0,cost_inst,621,0.4316,2.27,-2.36,-0.0225,-0.606,0.0250
2026-05-13T22:13:31.211495+00:00,M5_scoreRerank_K2_on_A2labels,top1_T0,cost_inst,621,0.3977,1.96,-1.92,-0.0232,-0.865,0.0235
2026-05-13T22:14:09.657446+00:00,M1_scoreRerank_K3_on_A2labels,top1_T0.20,cost_retail,621,0.2061,2.08,-2.72,-0.1077,-3.318,0.1068
2026-05-13T22:14:53.635675+00:00,M1_scoreRerank_K3_on_A2labels,top1_T0,cost_inst,621,0.4106,2.06,-2.00,-0.0207,-0.639,0.0209
2026-05-13T22:14:53.635912+00:00,M1_scoreRerank_K3_on_A2labels,top1_T0,cost_retail,621,0.2061,2.08,-2.72,-0.1077,-3.318,0.1068
2026-05-13T22:14:53.636071+00:00,M1_scoreRerank_K3_on_A2labels,top1_T0.20,cost_inst,621,0.4106,2.06,-2.00,-0.0207,-0.639,0.0209
2026-05-13T22:14:53.636223+00:00,M1_scoreRerank_K3_on_A2labels,top1_T0.20,cost_retail,621,0.2061,2.08,-2.72,-0.1077,-3.318,0.1068
2026-05-13T22:14:53.636948+00:00,M2_hybridRerank_K3_on_A2labels,top1_T0,cost_inst,621,0.3865,2.03,-1.90,-0.0239,-0.873,0.0238
2026-05-13T22:14:53.637164+00:00,M2_hybridRerank_K3_on_A2labels,top1_T0,cost_retail,621,0.1916,2.06,-2.70,-0.1108,-4.053,0.1103
2026-05-13T22:14:53.639549+00:00,M3_scoreFloor_at0_on_A2labels,top1_T0,cost_inst,621,0.5072,3.65,-4.86,-0.0338,-0.515,0.0465
2026-05-13T22:14:53.639773+00:00,M3_scoreFloor_at0_on_A2labels,top1_T0,cost_retail,621,0.4348,2.73,-5.54,-0.1208,-1.840,0.1255
2026-05-13T22:14:53.639933+00:00,M4_scoreRerank_K1_aggressive,top1_T0,cost_inst,621,0.3913,1.73,-1.82,-0.0270,-1.203,0.0272
2026-05-13T22:14:53.640139+00:00,M4_scoreRerank_K1_aggressive,top1_T0,cost_retail,621,0.1787,1.72,-2.61,-0.1139,-5.077,0.1131
2026-05-13T22:14:53.641152+00:00,M5_scoreRerank_K2_on_A2labels,top1_T0,cost_inst,621,0.3977,1.96,-1.92,-0.0232,-0.865,0.0235
2026-05-13T22:14:53.642583+00:00,M6_scoreRerank_K4_on_A2labels,top1_T0,cost_inst,621,0.4316,2.27,-2.36,-0.0225,-0.606,0.0250
2026-05-13T22:22:50.660010+00:00,M2_hybridRerank_K3_on_A2labels,top1_T0.20,cost_inst,621,0.3865,2.03,-1.90,-0.0239,-0.873,0.0238
2026-05-13T22:22:53.003909+00:00,M4_scoreRerank_K1_aggressive,top1_T0.20,cost_inst,621,0.3913,1.73,-1.82,-0.0270,-1.203,0.0272
2026-05-13T22:22:56.716544+00:00,M3_scoreFloor_at0_on_A2labels,top1_T0.20,cost_inst,621,0.5072,3.65,-4.86,-0.0338,-0.515,0.0465
2026-05-13T22:22:57.660833+00:00,M5_scoreRerank_K2_on_A2labels,top1_T0,cost_retail,621,0.1948,1.95,-2.68,-0.1102,-4.105,0.1093
2026-05-13T22:23:00.164160+00:00,M6_scoreRerank_K4_on_A2labels,top1_T0,cost_retail,621,0.2319,2.27,-2.98,-0.1094,-2.951,0.1086
2026-05-13T22:23:36.580820+00:00,M1_scoreRerank_K3_on_A2labels,top3,cost_inst,1863,0.3945,1.82,-1.92,-0.0828,-1.564,0.0819
2026-05-13T22:29:36.415853+00:00,M2_hybridRerank_K3_on_A2labels,top1_T0.20,cost_retail,621,0.1916,2.06,-2.70,-0.1108,-4.053,0.1103
2026-05-13T22:29:37.026521+00:00,M4_scoreRerank_K1_aggressive,top1_T0.20,cost_retail,621,0.1787,1.72,-2.61,-0.1139,-5.077,0.1131
2026-05-13T22:29:48.416631+00:00,M3_scoreFloor_at0_on_A2labels,top1_T0.20,cost_retail,621,0.4348,2.73,-5.54,-0.1208,-1.840,0.1255
2026-05-13T22:29:51.113330+00:00,M5_scoreRerank_K2_on_A2labels,top1_T0.20,cost_inst,621,0.3977,1.96,-1.92,-0.0232,-0.865,0.0235
2026-05-13T22:29:52.476267+00:00,M6_scoreRerank_K4_on_A2labels,top1_T0.20,cost_inst,621,0.4316,2.27,-2.36,-0.0225,-0.606,0.0250
2026-05-13T22:30:38.608622+00:00,M1_scoreRerank_K3_on_A2labels,top3,cost_retail,1863,0.1846,1.83,-2.68,-0.3437,-6.490,0.3425
2026-05-13T22:36:26.975738+00:00,M2_hybridRerank_K3_on_A2labels,top3,cost_inst,1863,0.3806,1.80,-1.78,-0.0776,-1.567,0.0773
2026-05-13T22:36:33.474269+00:00,M5_scoreRerank_K2_on_A2labels,top1_T0.20,cost_retail,621,0.1948,1.95,-2.68,-0.1102,-4.105,0.1093
2026-05-13T22:36:33.725234+00:00,M6_scoreRerank_K4_on_A2labels,top1_T0.20,cost_retail,621,0.2319,2.27,-2.98,-0.1094,-2.951,0.1086
2026-05-13T22:36:38.019864+00:00,M4_scoreRerank_K1_aggressive,top3,cost_inst,1863,0.3822,1.51,-1.70,-0.0880,-2.025,0.0870
2026-05-13T22:36:46.788065+00:00,M1_scoreRerank_K3_on_A2labels,top1_T0_ambigProp,cost_inst,621,0.4106,2.06,-2.00,-0.0207,-0.639,0.0209
2026-05-13T22:37:08.802446+00:00,M3_scoreFloor_at0_on_A2labels,top3,cost_inst,1863,0.4981,3.64,-4.76,-0.1065,-0.694,0.1439
2026-05-13T22:43:25.761637+00:00,M2_hybridRerank_K3_on_A2labels,top3,cost_retail,1863,0.1766,1.82,-2.60,-0.3384,-6.832,0.3380
2026-05-13T22:43:33.262520+00:00,M1_scoreRerank_K3_on_A2labels,top1_T0_ambigProp,cost_retail,621,0.2061,2.08,-2.72,-0.1077,-3.318,0.1068
2026-05-13T22:43:59.958006+00:00,M6_scoreRerank_K4_on_A2labels,top3,cost_inst,1863,0.4026,1.98,-2.11,-0.0861,-1.481,0.0863
2026-05-13T22:44:00.659324+00:00,M4_scoreRerank_K1_aggressive,top3,cost_retail,1863,0.1535,1.55,-2.49,-0.3488,-8.030,0.3476
2026-05-13T22:44:00.705807+00:00,M5_scoreRerank_K2_on_A2labels,top3,cost_inst,1863,0.3892,1.70,-1.81,-0.0826,-1.713,0.0816
2026-05-13T22:44:12.617808+00:00,M3_scoreFloor_at0_on_A2labels,top3,cost_retail,1863,0.4251,2.76,-5.47,-0.3673,-2.393,0.3770
2026-05-13T22:49:02.845851+00:00,M2_hybridRerank_K3_on_A2labels,top1_T0_ambigProp,cost_inst,621,0.3865,2.03,-1.90,-0.0239,-0.873,0.0238
2026-05-13T22:49:32.814001+00:00,M1_scoreRerank_K3_on_A2labels,top1_T0_ambigMid,cost_inst,621,0.4106,2.06,-2.00,-0.0207,-0.639,0.0209
2026-05-13T22:50:30.983780+00:00,M4_scoreRerank_K1_aggressive,top1_T0_ambigProp,cost_inst,621,0.3913,1.73,-1.82,-0.0270,-1.203,0.0272
2026-05-13T22:50:35.259579+00:00,M3_scoreFloor_at0_on_A2labels,top1_T0_ambigProp,cost_inst,621,0.5072,3.65,-4.86,-0.0338,-0.515,0.0465
2026-05-13T22:51:06.565629+00:00,M5_scoreRerank_K2_on_A2labels,top3,cost_retail,1863,0.1691,1.76,-2.58,-0.3434,-7.126,0.3422
2026-05-13T22:51:08.070614+00:00,M6_scoreRerank_K4_on_A2labels,top3,cost_retail,1863,0.1986,2.01,-2.82,-0.3469,-5.969,0.3457
2026-05-13T22:52:13.798900+00:00,M2_hybridRerank_K3_on_A2labels,top1_T0_ambigProp,cost_retail,621,0.1916,2.06,-2.70,-0.1108,-4.053,0.1103
2026-05-13T22:53:47.538889+00:00,M1_scoreRerank_K3_on_A2labels,top1_T0_ambigMid,cost_retail,621,0.2061,2.08,-2.72,-0.1077,-3.318,0.1068
2026-05-13T22:56:23.286256+00:00,M4_scoreRerank_K1_aggressive,top1_T0_ambigProp,cost_retail,621,0.1787,1.72,-2.61,-0.1139,-5.077,0.1131
2026-05-13T22:56:38.780293+00:00,M3_scoreFloor_at0_on_A2labels,top1_T0_ambigProp,cost_retail,621,0.4348,2.73,-5.54,-0.1208,-1.840,0.1255
2026-05-13T22:57:17.969954+00:00,M5_scoreRerank_K2_on_A2labels,top1_T0_ambigProp,cost_inst,621,0.3977,1.96,-1.92,-0.0232,-0.865,0.0235
2026-05-13T22:57:22.669102+00:00,M6_scoreRerank_K4_on_A2labels,top1_T0_ambigProp,cost_inst,621,0.4316,2.27,-2.36,-0.0225,-0.606,0.0250
2026-05-13T22:57:49.616951+00:00,M2_hybridRerank_K3_on_A2labels,top1_T0_ambigMid,cost_inst,621,0.3865,2.03,-1.90,-0.0239,-0.873,0.0238
2026-05-13T22:58:47.717315+00:00,M1_scoreRerank_K3_on_A2labels,top3_ambigProp,cost_inst,1863,0.3945,1.82,-1.92,-0.0828,-1.564,0.0819
2026-05-13T23:00:50.602312+00:00,M4_scoreRerank_K1_aggressive,top1_T0_ambigMid,cost_inst,621,0.3913,1.73,-1.82,-0.0270,-1.203,0.0272
2026-05-13T23:01:47.299493+00:00,M3_scoreFloor_at0_on_A2labels,top1_T0_ambigMid,cost_inst,621,0.5072,3.65,-4.86,-0.0338,-0.515,0.0465
2026-05-13T23:03:12.584088+00:00,M5_scoreRerank_K2_on_A2labels,top1_T0_ambigProp,cost_retail,621,0.1948,1.95,-2.68,-0.1102,-4.105,0.1093
2026-05-13T23:03:21.720037+00:00,M6_scoreRerank_K4_on_A2labels,top1_T0_ambigProp,cost_retail,621,0.2319,2.27,-2.98,-0.1094,-2.951,0.1086
2026-05-13T23:03:50.062924+00:00,M2_hybridRerank_K3_on_A2labels,top1_T0_ambigMid,cost_retail,621,0.1916,2.06,-2.70,-0.1108,-4.053,0.1103
2026-05-13T23:04:59.192790+00:00,M1_scoreRerank_K3_on_A2labels,top3_ambigProp,cost_retail,1863,0.1846,1.83,-2.68,-0.3437,-6.490,0.3425
2026-05-13T23:05:33.090164+00:00,M4_scoreRerank_K1_aggressive,top1_T0_ambigMid,cost_retail,621,0.1787,1.72,-2.61,-0.1139,-5.077,0.1131
2026-05-13T23:06:25.664997+00:00,M3_scoreFloor_at0_on_A2labels,top1_T0_ambigMid,cost_retail,621,0.4348,2.73,-5.54,-0.1208,-1.840,0.1255
2026-05-13T23:08:43.411843+00:00,M5_scoreRerank_K2_on_A2labels,top1_T0_ambigMid,cost_inst,621,0.3977,1.96,-1.92,-0.0232,-0.865,0.0235
2026-05-13T23:09:05.143526+00:00,M6_scoreRerank_K4_on_A2labels,top1_T0_ambigMid,cost_inst,621,0.4316,2.27,-2.36,-0.0225,-0.606,0.0250
2026-05-13T23:10:11.403412+00:00,M2_hybridRerank_K3_on_A2labels,top3_ambigProp,cost_inst,1863,0.3806,1.80,-1.78,-0.0776,-1.567,0.0773
2026-05-13T23:10:33.002340+00:00,M7_scoreRerank_K5_on_A2labels,top1_T0,cost_inst,621,0.4412,2.31,-2.50,-0.0233,-0.643,0.0254
2026-05-13T23:11:30.043096+00:00,M4_scoreRerank_K1_aggressive,top3_ambigProp,cost_inst,1863,0.3822,1.51,-1.70,-0.0880,-2.025,0.0870
2026-05-13T23:12:07.678935+00:00,M3_scoreFloor_at0_on_A2labels,top3_ambigProp,cost_inst,1863,0.4981,3.64,-4.76,-0.1065,-0.694,0.1439
2026-05-13T23:13:19.683779+00:00,M5_scoreRerank_K2_on_A2labels,top1_T0_ambigMid,cost_retail,621,0.1948,1.95,-2.68,-0.1102,-4.105,0.1093
2026-05-13T23:13:49.239621+00:00,M6_scoreRerank_K4_on_A2labels,top1_T0_ambigMid,cost_retail,621,0.2319,2.27,-2.98,-0.1094,-2.951,0.1086
2026-05-13T23:16:07.554494+00:00,M7_scoreRerank_K5_on_A2labels,top1_T0,cost_retail,621,0.2415,2.31,-3.08,-0.1103,-3.038,0.1095
2026-05-13T23:16:12.232667+00:00,M2_hybridRerank_K3_on_A2labels,top3_ambigProp,cost_retail,1863,0.1766,1.82,-2.60,-0.3384,-6.832,0.3380
2026-05-13T23:17:38.495346+00:00,M4_scoreRerank_K1_aggressive,top3_ambigProp,cost_retail,1863,0.1535,1.55,-2.49,-0.3488,-8.030,0.3476
2026-05-13T23:18:09.897278+00:00,M3_scoreFloor_at0_on_A2labels,top3_ambigProp,cost_retail,1863,0.4251,2.76,-5.47,-0.3673,-2.393,0.3770
2026-05-13T23:18:53.752056+00:00,M5_scoreRerank_K2_on_A2labels,top3_ambigProp,cost_inst,1863,0.3892,1.70,-1.81,-0.0826,-1.713,0.0816
2026-05-13T23:19:05.082228+00:00,M6_scoreRerank_K4_on_A2labels,top3_ambigProp,cost_inst,1863,0.4026,1.98,-2.11,-0.0861,-1.481,0.0863
2026-05-13T23:19:17.329161+00:00,M7_scoreRerank_K5_on_A2labels,top1_T0.20,cost_inst,621,0.4412,2.31,-2.50,-0.0233,-0.643,0.0254
2026-05-13T23:24:33.438279+00:00,M5_scoreRerank_K2_on_A2labels,top3_ambigProp,cost_retail,1863,0.1691,1.76,-2.58,-0.3434,-7.126,0.3422
2026-05-13T23:24:42.274393+00:00,M7_scoreRerank_K5_on_A2labels,top1_T0.20,cost_retail,621,0.2415,2.31,-3.08,-0.1103,-3.038,0.1095
2026-05-13T23:25:04.988941+00:00,M6_scoreRerank_K4_on_A2labels,top3_ambigProp,cost_retail,1863,0.1986,2.01,-2.82,-0.3469,-5.969,0.3457
2026-05-13T23:29:51.950144+00:00,M7_scoreRerank_K5_on_A2labels,top3,cost_inst,1863,0.4090,2.11,-2.22,-0.0835,-1.419,0.0843
2026-05-13T23:35:30.128097+00:00,M7_scoreRerank_K5_on_A2labels,top3,cost_retail,1863,0.2152,2.08,-2.93,-0.3443,-5.854,0.3432
2026-05-13T23:41:32.038133+00:00,M7_scoreRerank_K5_on_A2labels,top1_T0_ambigProp,cost_inst,621,0.4412,2.31,-2.50,-0.0233,-0.643,0.0254
2026-05-13T23:47:35.262964+00:00,M7_scoreRerank_K5_on_A2labels,top1_T0_ambigProp,cost_retail,621,0.2415,2.31,-3.08,-0.1103,-3.038,0.1095
2026-05-13T23:53:22.102556+00:00,M7_scoreRerank_K5_on_A2labels,top1_T0_ambigMid,cost_inst,621,0.4412,2.31,-2.50,-0.0233,-0.643,0.0254
2026-05-13T23:59:22.720562+00:00,M7_scoreRerank_K5_on_A2labels,top1_T0_ambigMid,cost_retail,621,0.2415,2.31,-3.08,-0.1103,-3.038,0.1095
2026-05-14T00:05:54.041281+00:00,M7_scoreRerank_K5_on_A2labels,top3_ambigProp,cost_inst,1863,0.4090,2.11,-2.22,-0.0835,-1.419,0.0843
2026-05-14T00:12:27.103603+00:00,M7_scoreRerank_K5_on_A2labels,top3_ambigProp,cost_retail,1863,0.2152,2.08,-2.93,-0.3443,-5.854,0.3432
2026-05-14T00:58:41.685206+00:00,K1_tightTgt_retailLabelCost,top1_T0,cost_inst,621,0.3366,2.06,-2.29,-0.0510,-3.178,0.0517
2026-05-14T01:05:01.096995+00:00,K1_tightTgt_retailLabelCost,top1_T0,cost_retail,621,0.2673,1.05,-3.41,-0.1380,-8.592,0.1376
2026-05-14T01:09:51.342328+00:00,K1_tightTgt_retailLabelCost,top1_T0.20,cost_inst,3,0.0000,0.00,-2.50,-0.0008,0.000,0.0005
2026-05-14T01:14:35.621961+00:00,K1_tightTgt_retailLabelCost,top1_T0.20,cost_retail,3,0.0000,0.00,-3.90,-0.0012,0.000,0.0008
2026-05-14T01:16:33.702296+00:00,K1m_tightTgt_M1_rerank3,top1_T0,cost_inst,621,0.3366,1.40,-1.54,-0.0342,-1.277,0.0363
2026-05-14T01:21:22.395594+00:00,K1_tightTgt_retailLabelCost,top3,cost_inst,1863,0.3468,2.13,-2.28,-0.1392,-6.446,0.1390
2026-05-14T01:22:48.977870+00:00,K1m_tightTgt_M1_rerank3,top1_T0,cost_retail,621,0.1578,0.95,-2.49,-0.1211,-4.529,0.1208
2026-05-14T01:27:53.739554+00:00,K1_tightTgt_retailLabelCost,top3,cost_retail,1863,0.2856,1.06,-3.43,-0.4001,-18.520,0.3997
2026-05-14T01:28:39.099859+00:00,K1m_tightTgt_M1_rerank3,top1_T0.20,cost_inst,621,0.3366,1.40,-1.54,-0.0342,-1.277,0.0363
2026-05-14T01:33:46.313132+00:00,K1_tightTgt_retailLabelCost,top1_T0_ambigProp,cost_inst,621,0.3366,2.06,-2.28,-0.0507,-3.106,0.0514
2026-05-14T01:34:28.943351+00:00,K1m_tightTgt_M1_rerank3,top1_T0.20,cost_retail,621,0.1578,0.95,-2.49,-0.1211,-4.529,0.1208
2026-05-14T01:40:17.594578+00:00,K1_tightTgt_retailLabelCost,top1_T0_ambigProp,cost_retail,621,0.2673,1.05,-3.41,-0.1376,-8.431,0.1373
2026-05-14T01:41:37.621174+00:00,K1m_tightTgt_M1_rerank3,top3,cost_inst,1863,0.3435,1.26,-1.52,-0.1050,-2.703,0.1066
2026-05-14T01:46:11.155600+00:00,S1_stabilize_wideRR_lowLR_clip,top1_T0,cost_inst,621,0.3623,5.57,-3.86,-0.0274,-0.496,0.0402
2026-05-14T01:46:14.978272+00:00,K1_tightTgt_retailLabelCost,top1_T0_ambigMid,cost_inst,621,0.3366,2.06,-2.27,-0.0505,-3.082,0.0512
2026-05-14T01:48:07.024470+00:00,K1m_tightTgt_M1_rerank3,top3,cost_retail,1863,0.1374,0.94,-2.43,-0.3658,-9.416,0.3656
2026-05-14T01:52:05.647108+00:00,S1_stabilize_wideRR_lowLR_clip,top1_T0,cost_retail,621,0.3156,4.92,-4.96,-0.1144,-2.069,0.1203
2026-05-14T01:52:36.772842+00:00,K1_tightTgt_retailLabelCost,top1_T0_ambigMid,cost_retail,621,0.2673,1.05,-3.40,-0.1375,-8.384,0.1371
2026-05-14T01:55:06.006351+00:00,K1m_tightTgt_M1_rerank3,top1_T0_ambigProp,cost_inst,621,0.3366,1.40,-1.54,-0.0342,-1.277,0.0363
2026-05-14T01:59:19.112886+00:00,S1_stabilize_wideRR_lowLR_clip,top1_T0.20,cost_inst,621,0.3623,5.57,-3.86,-0.0274,-0.496,0.0402
2026-05-14T02:00:32.391925+00:00,K1_tightTgt_retailLabelCost,top3_ambigProp,cost_inst,1863,0.3473,2.13,-2.27,-0.1379,-6.293,0.1377
2026-05-14T02:00:48.028369+00:00,K5m_NIFTY50_M1_rerank3_top3,top1_T0,cost_inst,427,0.3841,0.66,-0.74,-0.0086,-1.259,0.0095
2026-05-14T02:01:39.126631+00:00,K1m_tightTgt_M1_rerank3,top1_T0_ambigProp,cost_retail,621,0.1578,0.95,-2.49,-0.1211,-4.529,0.1208
2026-05-14T02:01:40.399659+00:00,F1m_wideTgt_M1_rerank3_stable,top1_T0,cost_inst,621,0.4138,2.67,-2.88,-0.0364,-0.542,0.0419
2026-05-14T02:04:14.383246+00:00,K5m_NIFTY50_M1_rerank3_top3,top1_T0,cost_retail,427,0.1827,0.40,-1.23,-0.0398,-5.626,0.0397
2026-05-14T02:07:09.748838+00:00,S5_trainWide_deployTight_stable,top1_T0,cost_inst,621,0.3366,3.69,-3.18,-0.0540,-1.674,0.0570
2026-05-14T02:07:45.118195+00:00,K5m_NIFTY50_M1_rerank3_top3,top1_T0.20,cost_inst,30,0.2667,1.09,-1.10,-0.0016,-0.865,0.0016
2026-05-14T02:10:56.874091+00:00,K5m_NIFTY50_M1_rerank3_top3,top1_T0.20,cost_retail,30,0.2333,0.43,-1.76,-0.0037,-1.102,0.0035
2026-05-14T02:11:00.723274+00:00,S1_stabilize_wideRR_lowLR_clip,top1_T0.20,cost_retail,621,0.3156,4.92,-4.96,-0.1144,-2.069,0.1203
2026-05-14T02:11:33.232144+00:00,K1_tightTgt_retailLabelCost,top3_ambigProp,cost_retail,1863,0.2856,1.06,-3.42,-0.3987,-18.193,0.3984
2026-05-14T02:13:07.808812+00:00,K5m_NIFTY50_M1_rerank3_top3,top3,cost_inst,1281,0.3591,0.66,-0.68,-0.0252,-2.036,0.0265
2026-05-14T02:14:00.958465+00:00,S5_trainWide_deployTight_stable,top1_T0,cost_retail,621,0.2899,2.78,-4.33,-0.1410,-4.366,0.1405
2026-05-14T02:14:08.659277+00:00,K1m_tightTgt_M1_rerank3,top1_T0_ambigMid,cost_inst,621,0.3366,1.40,-1.54,-0.0342,-1.277,0.0363
2026-05-14T02:14:23.808226+00:00,F1m_wideTgt_M1_rerank3_stable,top1_T0,cost_retail,621,0.2303,2.88,-3.44,-0.1234,-1.836,0.1245
2026-05-14T02:15:34.179008+00:00,K5m_NIFTY50_M1_rerank3_top3,top3,cost_retail,1281,0.1678,0.39,-1.19,-0.1187,-5.300,0.1186
2026-05-14T02:19:50.921176+00:00,K5m_NIFTY50_M1_rerank3_top3,top1_T0_ambigProp,cost_inst,427,0.3841,0.66,-0.74,-0.0086,-1.259,0.0095
2026-05-14T02:22:46.594769+00:00,S1_stabilize_wideRR_lowLR_clip,top3,cost_inst,1863,0.3527,5.20,-3.83,-0.1201,-0.934,0.1493
2026-05-14T02:24:15.380604+00:00,K5m_NIFTY50_M1_rerank3_top3,top1_T0_ambigProp,cost_retail,427,0.1827,0.40,-1.23,-0.0398,-5.626,0.0397
2026-05-14T02:26:29.870965+00:00,S5_trainWide_deployTight_stable,top1_T0.20,cost_inst,0,0.0000,0.00,0.00,0.0000,0.000,0.0000
2026-05-14T02:27:10.842210+00:00,K5m_NIFTY50_M1_rerank3_top3,top1_T0_ambigMid,cost_inst,427,0.3841,0.66,-0.74,-0.0086,-1.259,0.0095
2026-05-14T02:27:44.660657+00:00,K1m_tightTgt_M1_rerank3,top1_T0_ambigMid,cost_retail,621,0.1578,0.95,-2.49,-0.1211,-4.529,0.1208
2026-05-14T02:27:56.936141+00:00,F1m_wideTgt_M1_rerank3_stable,top1_T0.20,cost_inst,621,0.4138,2.67,-2.88,-0.0364,-0.542,0.0419
2026-05-14T02:28:44.210058+00:00,K5m_NIFTY50_M1_rerank3_top3,top1_T0_ambigMid,cost_retail,427,0.1827,0.40,-1.23,-0.0398,-5.626,0.0397
2026-05-14T02:29:42.348295+00:00,S1_stabilize_wideRR_lowLR_clip,top3,cost_retail,1863,0.3027,4.55,-4.91,-0.3809,-2.961,0.3873
2026-05-14T02:30:15.888758+00:00,S5_trainWide_deployTight_stable,top1_T0.20,cost_retail,0,0.0000,0.00,0.00,0.0000,0.000,0.0000
2026-05-14T02:30:58.062968+00:00,K5m_NIFTY50_M1_rerank3_top3,top3_ambigProp,cost_inst,1281,0.3591,0.66,-0.68,-0.0252,-2.036,0.0265
2026-05-14T02:33:01.863428+00:00,K5m_NIFTY50_M1_rerank3_top3,top3_ambigProp,cost_retail,1281,0.1678,0.39,-1.19,-0.1187,-5.300,0.1186
2026-05-14T02:33:43.245789+00:00,F1m_wideTgt_M1_rerank3_stable,top1_T0.20,cost_retail,621,0.2303,2.88,-3.44,-0.1234,-1.836,0.1245
2026-05-14T02:33:51.411918+00:00,S1_stabilize_wideRR_lowLR_clip,top1_T0_ambigProp,cost_inst,621,0.3639,5.56,-3.85,-0.0264,-0.463,0.0392
2026-05-14T02:33:54.917302+00:00,K1m_tightTgt_M1_rerank3,top3_ambigProp,cost_inst,1863,0.3435,1.26,-1.52,-0.1050,-2.703,0.1066
2026-05-14T02:35:21.118553+00:00,S5_trainWide_deployTight_stable,top3,cost_inst,1863,0.3548,3.70,-3.19,-0.1386,-1.888,0.1423
2026-05-14T02:39:32.758074+00:00,S1_stabilize_wideRR_lowLR_clip,top1_T0_ambigProp,cost_retail,621,0.3172,4.90,-4.95,-0.1133,-1.986,0.1192
2026-05-14T02:40:40.136613+00:00,K1m_tightTgt_M1_rerank3,top3_ambigProp,cost_retail,1863,0.1374,0.94,-2.43,-0.3658,-9.416,0.3656
2026-05-14T02:40:42.243383+00:00,F1m_wideTgt_M1_rerank3_stable,top3,cost_inst,1863,0.3892,2.09,-2.12,-0.0893,-0.855,0.0906
2026-05-14T02:40:55.275160+00:00,S5_trainWide_deployTight_stable,top3,cost_retail,1863,0.3060,2.77,-4.31,-0.3994,-5.441,0.3989
2026-05-14T02:44:43.841529+00:00,S1_stabilize_wideRR_lowLR_clip,top1_T0_ambigMid,cost_inst,621,0.3655,5.53,-3.86,-0.0263,-0.459,0.0391
2026-05-14T02:46:27.327394+00:00,S5_trainWide_deployTight_stable,top1_T0_ambigProp,cost_inst,621,0.3382,3.68,-3.17,-0.0531,-1.604,0.0563
2026-05-14T02:47:12.980179+00:00,F1m_wideTgt_M1_rerank3_stable,top3,cost_retail,1863,0.1804,2.43,-2.83,-0.3502,-3.352,0.3508
2026-05-14T02:50:11.751374+00:00,S1_stabilize_wideRR_lowLR_clip,top1_T0_ambigMid,cost_retail,621,0.3156,4.92,-4.93,-0.1132,-1.978,0.1191
2026-05-14T02:52:27.053332+00:00,S5_trainWide_deployTight_stable,top1_T0_ambigProp,cost_retail,621,0.2899,2.78,-4.31,-0.1401,-4.229,0.1396
2026-05-14T02:53:35.490472+00:00,F1m_wideTgt_M1_rerank3_stable,top1_T0_ambigProp,cost_inst,621,0.4138,2.67,-2.88,-0.0364,-0.542,0.0419
2026-05-14T02:56:07.358594+00:00,S1_stabilize_wideRR_lowLR_clip,top3_ambigProp,cost_inst,1863,0.3537,5.19,-3.82,-0.1184,-0.915,0.1476
2026-05-14T02:58:11.731113+00:00,S5_trainWide_deployTight_stable,top1_T0_ambigMid,cost_inst,621,0.3414,3.65,-3.18,-0.0528,-1.577,0.0562
2026-05-14T02:59:42.262858+00:00,F1m_wideTgt_M1_rerank3_stable,top1_T0_ambigProp,cost_retail,621,0.2303,2.88,-3.44,-0.1234,-1.836,0.1245
2026-05-14T03:02:05.695840+00:00,S1_stabilize_wideRR_lowLR_clip,top3_ambigProp,cost_retail,1863,0.3033,4.54,-4.90,-0.3792,-2.932,0.3855
2026-05-14T03:04:00.790242+00:00,S5_trainWide_deployTight_stable,top1_T0_ambigMid,cost_retail,621,0.2899,2.78,-4.30,-0.1398,-4.171,0.1393
2026-05-14T03:05:53.651110+00:00,F1m_wideTgt_M1_rerank3_stable,top1_T0_ambigMid,cost_inst,621,0.4138,2.67,-2.88,-0.0364,-0.542,0.0419
2026-05-14T03:10:17.358477+00:00,S5_trainWide_deployTight_stable,top3_ambigProp,cost_inst,1863,0.3553,3.69,-3.17,-0.1369,-1.829,0.1410
2026-05-14T03:11:57.136244+00:00,F1m_wideTgt_M1_rerank3_stable,top1_T0_ambigMid,cost_retail,621,0.2303,2.88,-3.44,-0.1234,-1.836,0.1245
2026-05-14T03:16:30.697106+00:00,S5_trainWide_deployTight_stable,top3_ambigProp,cost_retail,1863,0.3060,2.77,-4.30,-0.3977,-5.313,0.3972
2026-05-14T03:18:33.689498+00:00,F1m_wideTgt_M1_rerank3_stable,top3_ambigProp,cost_inst,1863,0.3892,2.09,-2.12,-0.0893,-0.855,0.0906
2026-05-14T03:25:25.934132+00:00,F1m_wideTgt_M1_rerank3_stable,top3_ambigProp,cost_retail,1863,0.1804,2.43,-2.83,-0.3502,-3.352,0.3508
